Model,autonomy_coef,autonomy_se,autonomy_p,autonomy_ci_low,autonomy_ci_high,collective_coef,collective_se,collective_p,collective_ci_low,collective_ci_high,equity_coef,equity_se,equity_p,equity_ci_low,equity_ci_high,R2,Adj_R2,N
GPT-4.1,3.0740740740740344,0.3993982671042653,7.282732245293476e-14,2.2894057073322562,3.8587424408158126,-8.022222222222231,0.39939826710426524,1.5189143059885973e-66,-8.80689058896401,-7.237553855480453,5.370370370370361,0.3993982671042649,1.7075122889968814e-35,4.585702003628583,6.15503873711214,0.8535113111160961,0.8451815621403447,540
Llama 3.1 70B Instruct,2.3333333333332784,0.6532417347197496,0.00038794545233163797,1.049957396861575,3.616709269804982,-16.185185185185205,0.6532417347197496,1.4955739569602013e-89,-17.468561121656908,-14.901809248713501,-0.11111111111113897,0.6532417347197489,0.8650053346998425,-1.394487047582841,1.1722648253605632,0.7236728320608627,0.7079601107466765,540
Qwen3.6-72B Instruct,1.8518518518518259,0.7728480907920197,0.016928056975236576,0.33349411450349686,3.370209589200155,-10.962962962962987,0.7728480907920195,9.763940670600832e-39,-12.481320700311315,-9.444605225614659,12.88888888888892,0.7728480907920189,3.723758654095632e-50,11.370531151540591,14.407246626237248,0.7069654879378007,0.6903027411734795,540
Mistral Large,3.2222222222221655,0.4347805563400782,5.238763512401769e-13,2.368040877100331,4.076403567343999,-7.0000000000000036,0.4347805563400782,1.8666876642343134e-47,-7.854181345121837,-6.14581865487817,6.999999999999979,0.43478055634007773,1.8666876642349525e-47,6.145818654878146,7.854181345121812,0.8142333600736924,0.8036701589798435,540
Pooled,2.6203703703703813,0.3439822350883524,3.859066178426753e-14,1.9457937156456575,3.294947025095105,-10.54259259259252,0.3439822350883524,3.5848399041703014e-171,-11.217169247317244,-9.868015937867796,6.287037037037007,0.34398223508836284,1.9646063953946084e-69,5.612460382312262,6.961613691761752,0.6653100127425648,0.6602747143917242,2160
