frame,mean,std,count
autonomy,33.7037037037037,4.794346147886589,27
collective,23.48148148148148,7.2820663295859935,27
equity,37.48148148148148,5.465770199582478,27
neutral,30.48148148148148,5.944424474764762,27
